{
  "id": "Priya-Nagpur-Mom-33",
  "generation_seed": 211,
  "generation_timestamp": "2026-04-01T06:39:16.909319+00:00",
  "tier": "deep",
  "demographics": {
    "city_tier": "Tier2",
    "city_name": "Nagpur",
    "region": "West",
    "urban_vs_periurban": "urban",
    "household_income_lpa": 20.63477386678397,
    "parent_age": 33,
    "parent_gender": "female",
    "marital_status": "married",
    "birth_order": "experienced_parent",
    "num_children": 2,
    "child_ages": [
      4,
      9
    ],
    "child_genders": [
      "female",
      "female"
    ],
    "youngest_child_age": 4,
    "oldest_child_age": 9,
    "family_structure": "nuclear",
    "elder_influence": 0.583102467155807,
    "spouse_involvement_in_purchases": 0.7183337087141477,
    "income_stability": "salaried",
    "socioeconomic_class": "A2",
    "dual_income_household": false
  },
  "health": {
    "child_health_status": "healthy",
    "child_nutrition_concerns": [],
    "child_dietary_restrictions": [],
    "pediatrician_visit_frequency": "quarterly",
    "vaccination_attitude": "follows_schedule",
    "own_supplement_usage": false,
    "fitness_engagement": 0.053187916124028435,
    "diet_consciousness": 0.05891141252831318,
    "organic_preference": 0.26507884291016504,
    "health_info_sources": [
      "pediatrician"
    ],
    "medical_authority_trust": 0.4893719642963322,
    "self_research_tendency": 0.3098442408880131,
    "child_health_proactivity": 0.7398284366945902,
    "immunity_concern": 0.8618864401156814,
    "growth_concern": 0.6097888604460802,
    "nutrition_gap_awareness": 0.7124077123154553
  },
  "psychology": {
    "decision_speed": 0.6072272630059345,
    "information_need": 0.5037931223198279,
    "risk_tolerance": 0.09790894796780414,
    "analysis_paralysis_tendency": 0.15197686420304124,
    "regret_sensitivity": 0.08836077435458706,
    "authority_bias": 0.44097220104169177,
    "social_proof_bias": 0.5609918597941035,
    "anchoring_bias": 0.07363216072679887,
    "status_quo_bias": 0.720375694864271,
    "loss_aversion": 0.19072810523821587,
    "halo_effect_susceptibility": 0.1424899272375439,
    "health_anxiety": 0.26587087669369824,
    "comparison_anxiety": 0.1943234724245408,
    "guilt_sensitivity": 0.727961420796249,
    "control_need": 0.4332899016919207,
    "mental_bandwidth": 0.7925251035439831,
    "decision_fatigue_level": 0.32870337859935916,
    "simplicity_preference": 0.31966717090383145
  },
  "cultural": {
    "cultural_region": "General Urban Indian",
    "dietary_culture": "vegetarian",
    "traditional_vs_modern_spectrum": 0.9694922173088716,
    "ayurveda_affinity": 0.008519080926336445,
    "western_brand_trust": 0.9256456284168416,
    "social_circle_ses": "mixed",
    "mommy_group_membership": false,
    "social_media_active": true,
    "community_orientation": 0.9509894582897949,
    "primary_language": "Hindi",
    "english_proficiency": 0.7781075489187881,
    "content_language_preference": "bilingual"
  },
  "relationships": {
    "primary_decision_maker": "self",
    "peer_influence_strength": 0.18043429074121714,
    "influencer_trust": 0.9231959381946128,
    "elder_advice_weight": 0.37381674456453895,
    "pediatrician_influence": 0.2401607436693104,
    "wom_receiver_openness": 0.3489087304763071,
    "wom_transmitter_tendency": 0.2842731510288451,
    "negative_wom_amplification": 0.17191542796976184,
    "child_pester_power": 0.8665021746726307,
    "child_taste_veto": 0.21962854170027563,
    "child_autonomy_given": 0.4881742950133545,
    "partner_involvement": 0.07440157588314124
  },
  "career": {
    "employment_status": "homemaker",
    "work_hours_per_week": 0,
    "work_from_home": false,
    "career_ambition": 0.5122897391692947,
    "perceived_time_scarcity": 0.12385570431787979,
    "morning_routine_complexity": 0.11890352288383388,
    "cooking_time_available": 0.4564870677510444
  },
  "education_learning": {
    "education_level": "bachelors",
    "science_literacy": 0.8717595268974427,
    "nutrition_knowledge": 0.670181243462496,
    "label_reading_habit": 0.6946660784257563,
    "research_before_purchase": 0.38017249282371407,
    "content_consumption_depth": 0.36857107822730567,
    "ingredient_awareness": 0.7855690364948853
  },
  "lifestyle": {
    "cooking_enthusiasm": 0.2866571262077796,
    "recipe_experimentation": 0.6515072326944831,
    "meal_planning_habit": 0.9127608561598254,
    "convenience_food_acceptance": 0.09566999130667697,
    "wellness_trend_follower": 0.24370143532642757,
    "clean_label_importance": 0.41370443529334433,
    "superfood_awareness": 0.0711931113072103,
    "parenting_philosophy": "authoritative",
    "screen_time_strictness": 0.31939089810572296,
    "structured_vs_intuitive_feeding": 0.9034477207889134
  },
  "daily_routine": {
    "online_vs_offline_preference": 0.14787852307769933,
    "primary_shopping_platform": "amazon",
    "subscription_comfort": 0.7870804775215964,
    "bulk_buying_tendency": 0.3323459541774605,
    "deal_seeking_intensity": 0.8558309598473406,
    "impulse_purchase_tendency": 0.24767858084236605,
    "budget_consciousness": 0.9011956462703602,
    "health_spend_priority": 0.15720918536397482,
    "price_reference_point": 500.0,
    "value_perception_driver": "ingredients",
    "cashback_coupon_sensitivity": 0.24582061637879166,
    "breakfast_routine": "quick",
    "milk_supplement_current": "none",
    "gummy_vitamin_usage": false,
    "snacking_pattern": "structured"
  },
  "values": {
    "supplement_necessity_belief": 0.8229880853560924,
    "natural_vs_synthetic_preference": 0.6824413779430163,
    "food_first_belief": 0.8989897247784264,
    "preventive_vs_reactive_health": 0.05812646052575542,
    "brand_loyalty_tendency": 0.7218692872598038,
    "indie_brand_openness": 0.18248436363742476,
    "transparency_importance": 0.281057393022849,
    "made_in_india_preference": 0.5943565359175412,
    "best_for_my_child_intensity": 0.8000448996483133,
    "guilt_driven_spending": 0.5212718000390861,
    "peer_comparison_drive": 0.763485196155945
  },
  "emotional": {
    "emotional_persuasion_susceptibility": 0.8287701408863213,
    "fear_appeal_responsiveness": 0.9291824633545992,
    "aspirational_messaging_responsiveness": 0.11695580358091279,
    "testimonial_impact": 0.9334535433247553,
    "buyer_remorse_tendency": 0.9701031323004446,
    "confirmation_bias_strength": 0.35709672292436,
    "review_writing_tendency": 0.047609080789099825
  },
  "media": {
    "primary_social_platform": "instagram",
    "daily_social_media_hours": 1.0,
    "content_format_preference": "reels",
    "ad_receptivity": 0.08325597018685815,
    "product_discovery_channel": "search",
    "review_platform_trust": "amazon_reviews",
    "search_behavior": "active_seeker",
    "app_download_willingness": 0.3220939508386471,
    "wallet_topup_comfort": 0.9780026649847045,
    "digital_payment_comfort": 0.14835407029809733
  },