{
  "id": "9d8c8c3e467ee4782a53adf3b61a2ba7-t2-0008",
  "generation_seed": 123,
  "generation_timestamp": "2026-03-28T08:51:28.418439+00:00",
  "tier": "deep",
  "demographics": {
    "city_tier": "Tier2",
    "city_name": "Jaipur",
    "region": "North",
    "urban_vs_periurban": "urban",
    "household_income_lpa": 12.726309095258427,
    "parent_age": 42,
    "parent_gender": "female",
    "marital_status": "married",
    "birth_order": "experienced_parent",
    "num_children": 2,
    "child_ages": [
      3,
      8
    ],
    "child_genders": [
      "female",
      "male"
    ],
    "youngest_child_age": 3,
    "oldest_child_age": 8,
    "family_structure": "nuclear",
    "elder_influence": 0.29067798151296403,
    "spouse_involvement_in_purchases": 0.5809345986176562,
    "income_stability": "salaried",
    "socioeconomic_class": "B1",
    "dual_income_household": true
  },
  "health": {
    "child_health_status": "healthy",
    "child_nutrition_concerns": [],
    "child_dietary_restrictions": [],
    "pediatrician_visit_frequency": "quarterly",
    "vaccination_attitude": "follows_schedule",
    "own_supplement_usage": false,
    "fitness_engagement": 0.777367918479249,
    "diet_consciousness": 0.06054059118359272,
    "organic_preference": 0.3719502032007478,
    "health_info_sources": [
      "pediatrician"
    ],
    "medical_authority_trust": 0.6324994830491733,
    "self_research_tendency": 0.9291609691144296,
    "child_health_proactivity": 0.2826389880812039,
    "immunity_concern": 0.2599538437458049,
    "growth_concern": 0.4790867539402539,
    "nutrition_gap_awareness": 0.63717317950773
  },
  "psychology": {
    "decision_speed": 0.43870756051880816,
    "information_need": 0.8529726854922433,
    "risk_tolerance": 0.21210350785197968,
    "analysis_paralysis_tendency": 0.5478221679316709,
    "regret_sensitivity": 0.6719169788595953,
    "authority_bias": 0.3444925254457131,
    "social_proof_bias": 0.7289080176258612,
    "anchoring_bias": 0.5592068263989649,
    "status_quo_bias": 0.8514439943086853,
    "loss_aversion": 0.5769528174771119,
    "halo_effect_susceptibility": 0.6466919260367678,
    "health_anxiety": 0.2835654595062205,
    "comparison_anxiety": 0.44542968453032045,
    "guilt_sensitivity": 0.8895986517101665,
    "control_need": 0.7374522215049182,
    "mental_bandwidth": 0.15316215798138966,
    "decision_fatigue_level": 0.5717626108835077,
    "simplicity_preference": 0.013271826705711752
  },
  "cultural": {
    "cultural_region": "General Urban Indian",
    "dietary_culture": "non_vegetarian",
    "traditional_vs_modern_spectrum": 0.2830041465540276,
    "ayurveda_affinity": 0.8682770208153672,
    "western_brand_trust": 0.46855635431482096,
    "social_circle_ses": "mixed",
    "mommy_group_membership": false,
    "social_media_active": true,
    "community_orientation": 0.5469315728295893,
    "primary_language": "Hindi",
    "english_proficiency": 0.0012790569908885429,
    "content_language_preference": "bilingual"
  },
  "relationships": {
    "primary_decision_maker": "self",
    "peer_influence_strength": 0.24722696819205792,
    "influencer_trust": 0.6324209732987864,
    "elder_advice_weight": 0.6791380578731301,
    "pediatrician_influence": 0.8320645236122355,
    "wom_receiver_openness": 0.41673325370485376,
    "wom_transmitter_tendency": 0.434213910952987,
    "negative_wom_amplification": 0.09141080190812267,
    "child_pester_power": 0.4189729809413696,
    "child_taste_veto": 0.1035508671206114,
    "child_autonomy_given": 0.0323105670211358,
    "partner_involvement": 0.1389211096935935
  },
  "career": {
    "employment_status": "full_time",
    "work_hours_per_week": 0,
    "work_from_home": false,
    "career_ambition": 0.9343103379153714,
    "perceived_time_scarcity": 0.5763642698998773,
    "morning_routine_complexity": 0.5870166667044325,
    "cooking_time_available": 0.30380211622189335
  },
  "education_learning": {
    "education_level": "bachelors",
    "science_literacy": 0.07665636532598186,
    "nutrition_knowledge": 0.8253925269611198,
    "label_reading_habit": 0.014920360469266501,
    "research_before_purchase": 0.4133875837868587,
    "content_consumption_depth": 0.4782226416246881,
    "ingredient_awareness": 0.59114434489167
  },
  "lifestyle": {
    "cooking_enthusiasm": 0.2337754672493963,
    "recipe_experimentation": 0.022809706596462514,
    "meal_planning_habit": 0.18153881955775278,
    "convenience_food_acceptance": 0.24060102687830534,
    "wellness_trend_follower": 0.21973352525439432,
    "clean_label_importance": 0.4028396889401045,
    "superfood_awareness": 0.11244972283611265,
    "parenting_philosophy": "authoritative",
    "screen_time_strictness": 0.6182848506119464,
    "structured_vs_intuitive_feeding": 0.5628886286665569
  },
  "daily_routine": {
    "online_vs_offline_preference": 0.8315868851884418,
    "primary_shopping_platform": "amazon",
    "subscription_comfort": 0.6034027491134737,
    "bulk_buying_tendency": 0.7855662149743661,
    "deal_seeking_intensity": 0.43559669990104943,
    "impulse_purchase_tendency": 0.6679982880996451,
    "budget_consciousness": 0.17200948151406958,
    "health_spend_priority": 0.0,
    "price_reference_point": 500.0,
    "value_perception_driver": "ingredients",
    "cashback_coupon_sensitivity": 0.6471163740107967,
    "breakfast_routine": "quick",
    "milk_supplement_current": "none",
    "gummy_vitamin_usage": false,
    "snacking_pattern": "structured"
  },
  "values": {
    "supplement_necessity_belief": 0.7360995729933688,
    "natural_vs_synthetic_preference": 0.6827855146772408,
    "food_first_belief": 0.16676457594300037,
    "preventive_vs_reactive_health": 0.8266060295960815,
    "brand_loyalty_tendency": 0.5179206126395941,
    "indie_brand_openness": 0.660600495269252,
    "transparency_importance": 0.14837645673922545,
    "made_in_india_preference": 0.9571691520151054,
    "best_for_my_child_intensity": 0.6586003142497612,
    "guilt_driven_spending": 0.37781596144818386,
    "peer_comparison_drive": 0.06704774090876661
  },
  "emotional": {
    "emotional_persuasion_susceptibility": 0.9735665333879647,
    "fear_appeal_responsiveness": 0.6632724719965783,
    "aspirational_messaging_responsiveness": 0.6747476294381424,
    "testimonial_impact": 0.9990855752588135,
    "buyer_remorse_tendency": 0.6274263949823846,
    "confirmation_bias_strength": 0.09640326868490007,
    "review_writing_tendency": 0.4223428195246368
  },
  "media": {
    "primary_social_platform": "instagram",
    "daily_social_media_hours": 1.0,
    "content_format_preference": "reels",
    "ad_receptivity": 0.16483410238468643,
    "product_discovery_channel": "search",
    "review_platform_trust": "amazon_reviews",
    "search_behavior": "active_seeker",
    "app_download_willingness": 0.34610105894134496,
    "wallet_topup_comfort": 0.34362507984151247,
    "digital_payment_comfort": 0.598014570355591
  },
  "narrative": null,
  "episodic_memory": [],
  "semantic_memory": {},
  "brand_memories": {},
  "purchase_history": [],
  "state": {
    "current_month": 0,
    "current_awareness": {},
    "current_consideration_set": [],
    "current_satisfaction": {},
    "has_purchased": false,
    "consecutive_purchase_months": 0,
    "has_lj_pass": false,
    "satisfaction_trajectory": [],
    "wom_received_from": []
  }
}