{
  "id": "9d8c8c3e467ee4782a53adf3b61a2ba7-t2-0004",
  "generation_seed": 168,
  "generation_timestamp": "2026-03-28T08:51:28.418439+00:00",
  "tier": "deep",
  "demographics": {
    "city_tier": "Tier3",
    "city_name": "Bhubaneswar",
    "region": "East",
    "urban_vs_periurban": "periurban",
    "household_income_lpa": 3.4892855847454234,
    "parent_age": 29,
    "parent_gender": "female",
    "marital_status": "married",
    "birth_order": "firstborn_parent",
    "num_children": 2,
    "child_ages": [
      8,
      10
    ],
    "child_genders": [
      "female",
      "male"
    ],
    "youngest_child_age": 8,
    "oldest_child_age": 10,
    "family_structure": "nuclear",
    "elder_influence": 0.4442593620899792,
    "spouse_involvement_in_purchases": 0.6790756294325644,
    "income_stability": "salaried",
    "socioeconomic_class": "C2",
    "dual_income_household": false
  },
  "health": {
    "child_health_status": "healthy",
    "child_nutrition_concerns": [],
    "child_dietary_restrictions": [],
    "pediatrician_visit_frequency": "quarterly",
    "vaccination_attitude": "follows_schedule",
    "own_supplement_usage": false,
    "fitness_engagement": 0.7001994465945063,
    "diet_consciousness": 0.19835902474059153,
    "organic_preference": 0.8401741978096828,
    "health_info_sources": [
      "pediatrician"
    ],
    "medical_authority_trust": 0.16540321457321341,
    "self_research_tendency": 0.14002721631306866,
    "child_health_proactivity": 0.10141513660166662,
    "immunity_concern": 0.8353990367416755,
    "growth_concern": 0.47710768362878625,
    "nutrition_gap_awareness": 0.5401684475641694
  },
  "psychology": {
    "decision_speed": 0.4938549612439077,
    "information_need": 0.1301427599787694,
    "risk_tolerance": 0.25119598525701636,
    "analysis_paralysis_tendency": 0.26748861174600375,
    "regret_sensitivity": 0.07997028773937748,
    "authority_bias": 0.43405687350695554,
    "social_proof_bias": 0.11648996086979846,
    "anchoring_bias": 0.7182584319544119,
    "status_quo_bias": 0.8089632953774124,
    "loss_aversion": 0.09789505114238761,
    "halo_effect_susceptibility": 0.3833738287017152,
    "health_anxiety": 0.9682774883619938,
    "comparison_anxiety": 0.10797773233183125,
    "guilt_sensitivity": 0.6651784259139244,
    "control_need": 0.5420191668341426,
    "mental_bandwidth": 0.8627784140991995,
    "decision_fatigue_level": 0.6161813605104615,
    "simplicity_preference": 0.34207432802072724
  },
  "cultural": {
    "cultural_region": "General Urban Indian",
    "dietary_culture": "non_vegetarian",
    "traditional_vs_modern_spectrum": 0.5266152567154126,
    "ayurveda_affinity": 0.5124597473974711,
    "western_brand_trust": 0.4907898616805893,
    "social_circle_ses": "mixed",
    "mommy_group_membership": false,
    "social_media_active": true,
    "community_orientation": 0.09356592701478583,
    "primary_language": "Hindi",
    "english_proficiency": 0.8930824082966828,
    "content_language_preference": "bilingual"
  },
  "relationships": {
    "primary_decision_maker": "self",
    "peer_influence_strength": 0.6218691691784572,
    "influencer_trust": 0.14819897139251959,
    "elder_advice_weight": 0.4058118606822632,
    "pediatrician_influence": 0.41095631457624937,
    "wom_receiver_openness": 0.12373450703668498,
    "wom_transmitter_tendency": 0.030965021952356224,
    "negative_wom_amplification": 0.25124003243068876,
    "child_pester_power": 0.38326963851310963,
    "child_taste_veto": 0.09975938711899926,
    "child_autonomy_given": 0.5702370722219589,
    "partner_involvement": 0.8775560955726147
  },
  "career": {
    "employment_status": "part_time",
    "work_hours_per_week": 0,
    "work_from_home": false,
    "career_ambition": 0.8001385278217074,
    "perceived_time_scarcity": 0.44959460073003155,
    "morning_routine_complexity": 0.032853908774410204,
    "cooking_time_available": 0.7629124173939748
  },
  "education_learning": {
    "education_level": "masters",
    "science_literacy": 0.6383083591730923,
    "nutrition_knowledge": 0.6643451146161522,
    "label_reading_habit": 0.9975724441798466,
    "research_before_purchase": 0.035049512871612,
    "content_consumption_depth": 0.002021315483634814,
    "ingredient_awareness": 0.14606635077429098
  },
  "lifestyle": {
    "cooking_enthusiasm": 0.6865323937212089,
    "recipe_experimentation": 0.6966702676039062,
    "meal_planning_habit": 0.11206178232119673,
    "convenience_food_acceptance": 0.09803075449114818,
    "wellness_trend_follower": 0.3614412604632891,
    "clean_label_importance": 0.4557692223933876,
    "superfood_awareness": 0.6986889176077717,
    "parenting_philosophy": "authoritative",
    "screen_time_strictness": 0.34037977042570233,
    "structured_vs_intuitive_feeding": 0.26529098237391113
  },
  "daily_routine": {
    "online_vs_offline_preference": 0.22414276533141514,
    "primary_shopping_platform": "amazon",
    "subscription_comfort": 0.47521985870825484,
    "bulk_buying_tendency": 0.5169934786638823,
    "deal_seeking_intensity": 0.6200539519071534,
    "impulse_purchase_tendency": 0.5714745260778952,
    "budget_consciousness": 0.4103808582239409,
    "health_spend_priority": 0.4812856868729299,
    "price_reference_point": 500.0,
    "value_perception_driver": "ingredients",
    "cashback_coupon_sensitivity": 0.2325789312729899,
    "breakfast_routine": "quick",
    "milk_supplement_current": "none",
    "gummy_vitamin_usage": false,
    "snacking_pattern": "structured"
  },
  "values": {
    "supplement_necessity_belief": 0.8553916720139145,
    "natural_vs_synthetic_preference": 0.9805477345439346,
    "food_first_belief": 0.10767028333310436,
    "preventive_vs_reactive_health": 0.8633518911544056,
    "brand_loyalty_tendency": 0.671097278772067,
    "indie_brand_openness": 0.3558000084719822,
    "transparency_importance": 0.9889929334694315,
    "made_in_india_preference": 0.3788517373633523,
    "best_for_my_child_intensity": 0.5154631634453366,
    "guilt_driven_spending": 0.792357508039083,
    "peer_comparison_drive": 0.9649072517295666
  },
  "emotional": {
    "emotional_persuasion_susceptibility": 0.9289481151636393,
    "fear_appeal_responsiveness": 0.4456521913060918,
    "aspirational_messaging_responsiveness": 0.48025475588351596,
    "testimonial_impact": 0.5186315040135674,
    "buyer_remorse_tendency": 0.5584337563865065,
    "confirmation_bias_strength": 0.19840055785727478,
    "review_writing_tendency": 0.825516228496809
  },
  "media": {
    "primary_social_platform": "instagram",
    "daily_social_media_hours": 1.0,
    "content_format_preference": "reels",
    "ad_receptivity": 0.5818424344079702,
    "product_discovery_channel": "search",
    "review_platform_trust": "amazon_reviews",
    "search_behavior": "active_seeker",
    "app_download_willingness": 0.4821109689649676,
    "wallet_topup_comfort": 0.1018384674542473,
    "digital_payment_comfort": 0.19927440813776465
  },
  "narrative": null,
  "episodic_memory": [],
  "semantic_memory": {},
  "brand_memories": {},
  "purchase_history": [],
  "state": {
    "current_month": 0,
    "current_awareness": {},
    "current_consideration_set": [],
    "current_satisfaction": {},
    "has_purchased": false,
    "consecutive_purchase_months": 0,
    "has_lj_pass": false,
    "satisfaction_trajectory": [],
    "wom_received_from": []
  }
}