{
  "id": "9d8c8c3e467ee4782a53adf3b61a2ba7-t2-0006",
  "generation_seed": 127,
  "generation_timestamp": "2026-03-28T08:51:28.418439+00:00",
  "tier": "deep",
  "demographics": {
    "city_tier": "Tier1",
    "city_name": "Chennai",
    "region": "South",
    "urban_vs_periurban": "urban",
    "household_income_lpa": 24.058544643922062,
    "parent_age": 30,
    "parent_gender": "female",
    "marital_status": "married",
    "birth_order": "experienced_parent",
    "num_children": 2,
    "child_ages": [
      4,
      5
    ],
    "child_genders": [
      "male",
      "male"
    ],
    "youngest_child_age": 4,
    "oldest_child_age": 5,
    "family_structure": "nuclear",
    "elder_influence": 0.22319860831560026,
    "spouse_involvement_in_purchases": 0.29003887764433095,
    "income_stability": "gig",
    "socioeconomic_class": "A2",
    "dual_income_household": false
  },
  "health": {
    "child_health_status": "healthy",
    "child_nutrition_concerns": [],
    "child_dietary_restrictions": [],
    "pediatrician_visit_frequency": "quarterly",
    "vaccination_attitude": "follows_schedule",
    "own_supplement_usage": false,
    "fitness_engagement": 0.5066869397743865,
    "diet_consciousness": 0.8403180322473845,
    "organic_preference": 0.5611153686289448,
    "health_info_sources": [
      "pediatrician"
    ],
    "medical_authority_trust": 0.9437922793533758,
    "self_research_tendency": 0.17109353163553845,
    "child_health_proactivity": 0.4967227338407784,
    "immunity_concern": 0.7495777576104357,
    "growth_concern": 0.4244932427250738,
    "nutrition_gap_awareness": 0.8753844533141664
  },
  "psychology": {
    "decision_speed": 0.33285633803942344,
    "information_need": 0.9807443642640968,
    "risk_tolerance": 0.9830894219745725,
    "analysis_paralysis_tendency": 0.6110558472579171,
    "regret_sensitivity": 0.7097317332177611,
    "authority_bias": 0.8833049487372704,
    "social_proof_bias": 0.27046216770911935,
    "anchoring_bias": 0.09476006481692917,
    "status_quo_bias": 0.6189209172900915,
    "loss_aversion": 0.607953259930469,
    "halo_effect_susceptibility": 0.4104042397742893,
    "health_anxiety": 0.5044374643104846,
    "comparison_anxiety": 0.0038892242412568194,
    "guilt_sensitivity": 0.424434258883828,
    "control_need": 0.2257109140329065,
    "mental_bandwidth": 0.820709317769243,
    "decision_fatigue_level": 0.8401393524148046,
    "simplicity_preference": 0.7516622005116509
  },
  "cultural": {
    "cultural_region": "General Urban Indian",
    "dietary_culture": "non_vegetarian",
    "traditional_vs_modern_spectrum": 0.6537477833715828,
    "ayurveda_affinity": 0.07104758387817108,
    "western_brand_trust": 0.5916499003344434,
    "social_circle_ses": "mixed",
    "mommy_group_membership": false,
    "social_media_active": true,
    "community_orientation": 0.7354557186668758,
    "primary_language": "Hindi",
    "english_proficiency": 0.8934695288420755,
    "content_language_preference": "bilingual"
  },
  "relationships": {
    "primary_decision_maker": "self",
    "peer_influence_strength": 0.6424950995194951,
    "influencer_trust": 0.045269561001009026,
    "elder_advice_weight": 0.34883160028510407,
    "pediatrician_influence": 0.22896290072805098,
    "wom_receiver_openness": 0.5684805947179862,
    "wom_transmitter_tendency": 0.5053464078340998,
    "negative_wom_amplification": 0.4074606314779077,
    "child_pester_power": 0.8479320141004085,
    "child_taste_veto": 0.13535821157681432,
    "child_autonomy_given": 0.14890958873213034,
    "partner_involvement": 0.15286444254607223
  },
  "career": {
    "employment_status": "homemaker",
    "work_hours_per_week": 0,
    "work_from_home": false,
    "career_ambition": 0.3593010855937717,
    "perceived_time_scarcity": 0.10961274284293443,
    "morning_routine_complexity": 0.48063039588972273,
    "cooking_time_available": 0.4342790834885861
  },
  "education_learning": {
    "education_level": "masters",
    "science_literacy": 0.1967430370728472,
    "nutrition_knowledge": 0.8088772192467734,
    "label_reading_habit": 0.5002767223562345,
    "research_before_purchase": 0.5196060252819101,
    "content_consumption_depth": 0.422676960696445,
    "ingredient_awareness": 0.4903485777693295
  },
  "lifestyle": {
    "cooking_enthusiasm": 0.28679153157321846,
    "recipe_experimentation": 0.38308677500034954,
    "meal_planning_habit": 0.7828392230252836,
    "convenience_food_acceptance": 0.16589343063272155,
    "wellness_trend_follower": 0.697914564955131,
    "clean_label_importance": 0.23159329953604757,
    "superfood_awareness": 0.7760888454376254,
    "parenting_philosophy": "authoritative",
    "screen_time_strictness": 0.280989062907388,
    "structured_vs_intuitive_feeding": 0.8028041027867219
  },
  "daily_routine": {
    "online_vs_offline_preference": 0.5513110546445089,
    "primary_shopping_platform": "amazon",
    "subscription_comfort": 0.9429582854078482,
    "bulk_buying_tendency": 0.12423620183499995,
    "deal_seeking_intensity": 0.0,
    "impulse_purchase_tendency": 0.26887557380286126,
    "budget_consciousness": 0.0,
    "health_spend_priority": 0.11269444165358503,
    "price_reference_point": 500.0,
    "value_perception_driver": "ingredients",
    "cashback_coupon_sensitivity": 0.732881346466966,
    "breakfast_routine": "quick",
    "milk_supplement_current": "none",
    "gummy_vitamin_usage": false,
    "snacking_pattern": "structured"
  },
  "values": {
    "supplement_necessity_belief": 0.5913361345458413,
    "natural_vs_synthetic_preference": 0.31572712835803957,
    "food_first_belief": 0.27087472935532353,
    "preventive_vs_reactive_health": 0.43137075785117474,
    "brand_loyalty_tendency": 0.980707097465269,
    "indie_brand_openness": 0.2561911071814778,
    "transparency_importance": 0.21304065106040287,
    "made_in_india_preference": 0.7869986923402676,
    "best_for_my_child_intensity": 0.4878217861290126,
    "guilt_driven_spending": 0.9792636902919193,
    "peer_comparison_drive": 0.29937266829871323
  },
  "emotional": {
    "emotional_persuasion_susceptibility": 0.765237285185772,
    "fear_appeal_responsiveness": 0.8604175728071587,
    "aspirational_messaging_responsiveness": 0.3010664218125427,
    "testimonial_impact": 0.2287648256754493,
    "buyer_remorse_tendency": 0.7707643839933245,
    "confirmation_bias_strength": 0.7173178018738854,
    "review_writing_tendency": 0.07917980583445344
  },
  "media": {
    "primary_social_platform": "instagram",
    "daily_social_media_hours": 1.0,
    "content_format_preference": "reels",
    "ad_receptivity": 0.129567992417585,
    "product_discovery_channel": "search",
    "review_platform_trust": "amazon_reviews",
    "search_behavior": "active_seeker",
    "app_download_willingness": 0.005599456386444176,
    "wallet_topup_comfort": 0.7242075445808895,
    "digital_payment_comfort": 0.2821648851748096
  },
  "narrative": null,
  "episodic_memory": [],
  "semantic_memory": {},
  "brand_memories": {},
  "purchase_history": [],
  "state": {
    "current_month": 0,
    "current_awareness": {},
    "current_consideration_set": [],
    "current_satisfaction": {},
    "has_purchased": false,
    "consecutive_purchase_months": 0,
    "has_lj_pass": false,
    "satisfaction_trajectory": [],
    "wom_received_from": []
  }
}