{
  "id": "9d8c8c3e467ee4782a53adf3b61a2ba7-t2-0009",
  "generation_seed": 194,
  "generation_timestamp": "2026-03-28T08:51:28.418439+00:00",
  "tier": "deep",
  "demographics": {
    "city_tier": "Tier2",
    "city_name": "Bhopal",
    "region": "West",
    "urban_vs_periurban": "periurban",
    "household_income_lpa": 15.925966110446794,
    "parent_age": 34,
    "parent_gender": "female",
    "marital_status": "married",
    "birth_order": "experienced_parent",
    "num_children": 2,
    "child_ages": [
      10,
      11
    ],
    "child_genders": [
      "male",
      "male"
    ],
    "youngest_child_age": 10,
    "oldest_child_age": 11,
    "family_structure": "nuclear",
    "elder_influence": 0.3449371886943009,
    "spouse_involvement_in_purchases": 0.7047839015477393,
    "income_stability": "business",
    "socioeconomic_class": "B1",
    "dual_income_household": false
  },
  "health": {
    "child_health_status": "healthy",
    "child_nutrition_concerns": [],
    "child_dietary_restrictions": [],
    "pediatrician_visit_frequency": "quarterly",
    "vaccination_attitude": "follows_schedule",
    "own_supplement_usage": false,
    "fitness_engagement": 0.991048765441242,
    "diet_consciousness": 0.10495580651402214,
    "organic_preference": 0.40403191124116933,
    "health_info_sources": [
      "pediatrician"
    ],
    "medical_authority_trust": 0.14977799999293234,
    "self_research_tendency": 0.1501006012529551,
    "child_health_proactivity": 0.32558006090245895,
    "immunity_concern": 0.737660722673082,
    "growth_concern": 0.9015668994123139,
    "nutrition_gap_awareness": 0.3496860619930029
  },
  "psychology": {
    "decision_speed": 0.15621325895166427,
    "information_need": 0.683902378429346,
    "risk_tolerance": 0.6942605572757661,
    "analysis_paralysis_tendency": 0.5949807390202261,
    "regret_sensitivity": 0.6086260428408405,
    "authority_bias": 0.45518714393225435,
    "social_proof_bias": 0.5179185137647242,
    "anchoring_bias": 0.42792826072819556,
    "status_quo_bias": 0.7816297506267424,
    "loss_aversion": 0.9870750554369635,
    "halo_effect_susceptibility": 0.5712875627786785,
    "health_anxiety": 0.49737807128241324,
    "comparison_anxiety": 0.6318385539425538,
    "guilt_sensitivity": 0.2552941905496492,
    "control_need": 0.7778577879526113,
    "mental_bandwidth": 0.6704573547665496,
    "decision_fatigue_level": 0.3370709943662734,
    "simplicity_preference": 0.8776988085908997
  },
  "cultural": {
    "cultural_region": "General Urban Indian",
    "dietary_culture": "non_vegetarian",
    "traditional_vs_modern_spectrum": 0.5075753661914892,
    "ayurveda_affinity": 0.20593667788749043,
    "western_brand_trust": 0.5068894650783693,
    "social_circle_ses": "mixed",
    "mommy_group_membership": false,
    "social_media_active": true,
    "community_orientation": 0.5936686969817935,
    "primary_language": "Hindi",
    "english_proficiency": 0.8315775955158691,
    "content_language_preference": "bilingual"
  },
  "relationships": {
    "primary_decision_maker": "self",
    "peer_influence_strength": 0.7961079278430393,
    "influencer_trust": 0.45651148821334636,
    "elder_advice_weight": 0.31843236828356203,
    "pediatrician_influence": 0.5006956552719655,
    "wom_receiver_openness": 0.6418129195655916,
    "wom_transmitter_tendency": 0.6857199017686855,
    "negative_wom_amplification": 0.6184499069100275,
    "child_pester_power": 0.486340874952855,
    "child_taste_veto": 0.865573332353058,
    "child_autonomy_given": 0.2775597000502838,
    "partner_involvement": 0.9934198823450267
  },
  "career": {
    "employment_status": "homemaker",
    "work_hours_per_week": 0,
    "work_from_home": false,
    "career_ambition": 0.7772892881933424,
    "perceived_time_scarcity": 0.12976865431101092,
    "morning_routine_complexity": 0.5734754178119243,
    "cooking_time_available": 0.7801451483373393
  },
  "education_learning": {
    "education_level": "bachelors",
    "science_literacy": 0.39825336222341867,
    "nutrition_knowledge": 0.06743842618294903,
    "label_reading_habit": 0.1493874997371341,
    "research_before_purchase": 0.5413430725717325,
    "content_consumption_depth": 0.039662465956246576,
    "ingredient_awareness": 0.07362068976126875
  },
  "lifestyle": {
    "cooking_enthusiasm": 0.7043091160797537,
    "recipe_experimentation": 0.6595348724217809,
    "meal_planning_habit": 0.26428318606559514,
    "convenience_food_acceptance": 0.16055161785973165,
    "wellness_trend_follower": 0.07067073793906263,
    "clean_label_importance": 0.4601789136709348,
    "superfood_awareness": 0.20996475241621015,
    "parenting_philosophy": "authoritative",
    "screen_time_strictness": 0.2960649162166563,
    "structured_vs_intuitive_feeding": 0.6356236278465828
  },
  "daily_routine": {
    "online_vs_offline_preference": 0.39873315824116456,
    "primary_shopping_platform": "amazon",
    "subscription_comfort": 0.2270864153134255,
    "bulk_buying_tendency": 0.02332641598803655,
    "deal_seeking_intensity": 0.6348211958818827,
    "impulse_purchase_tendency": 0.5314808916894822,
    "budget_consciousness": 0.45350331048103454,
    "health_spend_priority": 0.1716930954396555,
    "price_reference_point": 500.0,
    "value_perception_driver": "ingredients",
    "cashback_coupon_sensitivity": 0.5050913541232128,
    "breakfast_routine": "quick",
    "milk_supplement_current": "none",
    "gummy_vitamin_usage": false,
    "snacking_pattern": "structured"
  },
  "values": {
    "supplement_necessity_belief": 0.7224671486528982,
    "natural_vs_synthetic_preference": 0.5389381205599435,
    "food_first_belief": 0.9293941302362898,
    "preventive_vs_reactive_health": 0.6531681792683677,
    "brand_loyalty_tendency": 0.6893306049580092,
    "indie_brand_openness": 0.7751575298902895,
    "transparency_importance": 0.2458110958019764,
    "made_in_india_preference": 0.5180231652975711,
    "best_for_my_child_intensity": 0.7644899371768965,
    "guilt_driven_spending": 0.1845773468986615,
    "peer_comparison_drive": 0.5092983621145729
  },
  "emotional": {
    "emotional_persuasion_susceptibility": 0.6699303885199934,
    "fear_appeal_responsiveness": 0.62133564544221,
    "aspirational_messaging_responsiveness": 0.35604411567446037,
    "testimonial_impact": 0.04398916878851762,
    "buyer_remorse_tendency": 0.01159327049443628,
    "confirmation_bias_strength": 0.9810614018417106,
    "review_writing_tendency": 0.6211535467077389
  },
  "media": {
    "primary_social_platform": "instagram",
    "daily_social_media_hours": 1.0,
    "content_format_preference": "reels",
    "ad_receptivity": 0.2795855528559291,
    "product_discovery_channel": "search",
    "review_platform_trust": "amazon_reviews",
    "search_behavior": "active_seeker",
    "app_download_willingness": 0.6366268347033048,
    "wallet_topup_comfort": 0.17164768530797553,
    "digital_payment_comfort": 0.4205814661010401
  },
  "narrative": null,
  "episodic_memory": [],
  "semantic_memory": {},
  "brand_memories": {},
  "purchase_history": [],
  "state": {
    "current_month": 0,
    "current_awareness": {},
    "current_consideration_set": [],
    "current_satisfaction": {},
    "has_purchased": false,
    "consecutive_purchase_months": 0,
    "has_lj_pass": false,
    "satisfaction_trajectory": [],
    "wom_received_from": []
  }
}