{
  "id": "9d8c8c3e467ee4782a53adf3b61a2ba7-t2-0002",
  "generation_seed": 64,
  "generation_timestamp": "2026-03-28T08:51:28.418439+00:00",
  "tier": "deep",
  "demographics": {
    "city_tier": "Tier3",
    "city_name": "Mangalore",
    "region": "South",
    "urban_vs_periurban": "periurban",
    "household_income_lpa": 4.273904511627181,
    "parent_age": 36,
    "parent_gender": "female",
    "marital_status": "single",
    "birth_order": "firstborn_parent",
    "num_children": 1,
    "child_ages": [
      13
    ],
    "child_genders": [
      "female"
    ],
    "youngest_child_age": 13,
    "oldest_child_age": 13,
    "family_structure": "single_parent",
    "elder_influence": 0.5820528475417419,
    "spouse_involvement_in_purchases": 0.0,
    "income_stability": "gig",
    "socioeconomic_class": "C1",
    "dual_income_household": false
  },
  "health": {
    "child_health_status": "healthy",
    "child_nutrition_concerns": [],
    "child_dietary_restrictions": [],
    "pediatrician_visit_frequency": "quarterly",
    "vaccination_attitude": "follows_schedule",
    "own_supplement_usage": false,
    "fitness_engagement": 0.0911880988730232,
    "diet_consciousness": 0.07053577865786129,
    "organic_preference": 0.7140152779339289,
    "health_info_sources": [
      "pediatrician"
    ],
    "medical_authority_trust": 0.03463560197396662,
    "self_research_tendency": 0.5813743018457753,
    "child_health_proactivity": 0.3162955450698315,
    "immunity_concern": 0.9046051607143459,
    "growth_concern": 0.31084089865842757,
    "nutrition_gap_awareness": 0.7452075601866153
  },
  "psychology": {
    "decision_speed": 0.3457154985016264,
    "information_need": 0.5452812803751612,
    "risk_tolerance": 0.7693891175569965,
    "analysis_paralysis_tendency": 0.321841428417712,
    "regret_sensitivity": 0.8405096930238257,
    "authority_bias": 0.2871849882879072,
    "social_proof_bias": 0.4492801120404459,
    "anchoring_bias": 0.8219025061550522,
    "status_quo_bias": 0.6217954663232578,
    "loss_aversion": 0.9723457533637891,
    "halo_effect_susceptibility": 0.22260071967801992,
    "health_anxiety": 0.22792437060896995,
    "comparison_anxiety": 0.26027397238722344,
    "guilt_sensitivity": 0.7665150681730093,
    "control_need": 0.6907308191233398,
    "mental_bandwidth": 0.5407235222459938,
    "decision_fatigue_level": 0.130727868217123,
    "simplicity_preference": 0.8025094636247043
  },
  "cultural": {
    "cultural_region": "General Urban Indian",
    "dietary_culture": "non_vegetarian",
    "traditional_vs_modern_spectrum": 0.11034323669023799,
    "ayurveda_affinity": 0.9496533069978753,
    "western_brand_trust": 0.9860791427218557,
    "social_circle_ses": "mixed",
    "mommy_group_membership": false,
    "social_media_active": true,
    "community_orientation": 0.6429857697965933,
    "primary_language": "Hindi",
    "english_proficiency": 0.7200897463646971,
    "content_language_preference": "bilingual"
  },
  "relationships": {
    "primary_decision_maker": "self",
    "peer_influence_strength": 0.16495557031830527,
    "influencer_trust": 0.035131356309594186,
    "elder_advice_weight": 0.297347699050091,
    "pediatrician_influence": 0.1372198989893434,
    "wom_receiver_openness": 0.07394782091568843,
    "wom_transmitter_tendency": 0.9574978322830768,
    "negative_wom_amplification": 0.6075205500960998,
    "child_pester_power": 0.670411329875578,
    "child_taste_veto": 0.40365225697052676,
    "child_autonomy_given": 0.45887638113596546,
    "partner_involvement": 0.8326150442758126
  },
  "career": {
    "employment_status": "homemaker",
    "work_hours_per_week": 0,
    "work_from_home": false,
    "career_ambition": 0.48710160411759706,
    "perceived_time_scarcity": 0.7021845562664987,
    "morning_routine_complexity": 0.4223034010265941,
    "cooking_time_available": 0.36611791784000386
  },
  "education_learning": {
    "education_level": "high_school",
    "science_literacy": 0.17392058454963027,
    "nutrition_knowledge": 0.02397851121956092,
    "label_reading_habit": 0.3968296100763525,
    "research_before_purchase": 0.3842624059567621,
    "content_consumption_depth": 0.09919884146717844,
    "ingredient_awareness": 0.4862492426137468
  },
  "lifestyle": {
    "cooking_enthusiasm": 0.521433847954855,
    "recipe_experimentation": 0.053870613134224005,
    "meal_planning_habit": 0.20106309534888253,
    "convenience_food_acceptance": 0.7317281004452418,
    "wellness_trend_follower": 0.6506436349823647,
    "clean_label_importance": 0.1292607126174538,
    "superfood_awareness": 0.5629481234316236,
    "parenting_philosophy": "authoritative",
    "screen_time_strictness": 0.8467058988994313,
    "structured_vs_intuitive_feeding": 0.7814421366295884
  },
  "daily_routine": {
    "online_vs_offline_preference": 0.4620439158025087,
    "primary_shopping_platform": "amazon",
    "subscription_comfort": 0.3202421797251576,
    "bulk_buying_tendency": 0.2645617771768731,
    "deal_seeking_intensity": 0.7170088555911562,
    "impulse_purchase_tendency": 0.577344223884142,
    "budget_consciousness": 0.9136974590266486,
    "health_spend_priority": 0.2902520910863036,
    "price_reference_point": 500.0,
    "value_perception_driver": "ingredients",
    "cashback_coupon_sensitivity": 0.7935394488033578,
    "breakfast_routine": "quick",
    "milk_supplement_current": "none",
    "gummy_vitamin_usage": false,
    "snacking_pattern": "structured"
  },
  "values": {
    "supplement_necessity_belief": 0.2609429396798435,
    "natural_vs_synthetic_preference": 0.7836819498787317,
    "food_first_belief": 0.6785840760661346,
    "preventive_vs_reactive_health": 0.13556249382576924,
    "brand_loyalty_tendency": 0.1239853367659024,
    "indie_brand_openness": 0.9155408854394057,
    "transparency_importance": 0.6630260391652848,
    "made_in_india_preference": 0.04321976263229245,
    "best_for_my_child_intensity": 0.4079143256183771,
    "guilt_driven_spending": 0.7799055576686651,
    "peer_comparison_drive": 0.38986272766190205
  },
  "emotional": {
    "emotional_persuasion_susceptibility": 0.5010780725650333,
    "fear_appeal_responsiveness": 0.9193752979845802,
    "aspirational_messaging_responsiveness": 0.14748358126318878,
    "testimonial_impact": 0.21239075028249932,
    "buyer_remorse_tendency": 0.5837071451752753,
    "confirmation_bias_strength": 0.6518999125843721,
    "review_writing_tendency": 0.6901737955426694
  },
  "media": {
    "primary_social_platform": "instagram",
    "daily_social_media_hours": 1.0,
    "content_format_preference": "reels",
    "ad_receptivity": 0.818915018745461,
    "product_discovery_channel": "search",
    "review_platform_trust": "amazon_reviews",
    "search_behavior": "active_seeker",
    "app_download_willingness": 0.578703810617846,
    "wallet_topup_comfort": 0.687715047669219,
    "digital_payment_comfort": 0.35444301265600703
  },
  "narrative": null,
  "episodic_memory": [],
  "semantic_memory": {},
  "brand_memories": {},
  "purchase_history": [],
  "state": {
    "current_month": 0,
    "current_awareness": {},
    "current_consideration_set": [],
    "current_satisfaction": {},
    "has_purchased": false,
    "consecutive_purchase_months": 0,
    "has_lj_pass": false,
    "satisfaction_trajectory": [],
    "wom_received_from": []
  }
}