{
  "id": "9d8c8c3e467ee4782a53adf3b61a2ba7-t2-0000",
  "generation_seed": 183,
  "generation_timestamp": "2026-03-28T08:51:28.418439+00:00",
  "tier": "deep",
  "demographics": {
    "city_tier": "Tier1",
    "city_name": "Hyderabad",
    "region": "South",
    "urban_vs_periurban": "urban",
    "household_income_lpa": 27.584485529582096,
    "parent_age": 25,
    "parent_gender": "female",
    "marital_status": "married",
    "birth_order": "experienced_parent",
    "num_children": 2,
    "child_ages": [
      3,
      3
    ],
    "child_genders": [
      "male",
      "female"
    ],
    "youngest_child_age": 3,
    "oldest_child_age": 3,
    "family_structure": "nuclear",
    "elder_influence": 0.3716204676322688,
    "spouse_involvement_in_purchases": 0.7165856679034854,
    "income_stability": "salaried",
    "socioeconomic_class": "A2",
    "dual_income_household": true
  },
  "health": {
    "child_health_status": "healthy",
    "child_nutrition_concerns": [],
    "child_dietary_restrictions": [],
    "pediatrician_visit_frequency": "quarterly",
    "vaccination_attitude": "follows_schedule",
    "own_supplement_usage": false,
    "fitness_engagement": 0.4852967607119062,
    "diet_consciousness": 0.01029881561726109,
    "organic_preference": 0.061678806880187655,
    "health_info_sources": [
      "pediatrician"
    ],
    "medical_authority_trust": 0.8827867790897499,
    "self_research_tendency": 0.6439559553721805,
    "child_health_proactivity": 0.36173844809597655,
    "immunity_concern": 0.1817428151310837,
    "growth_concern": 0.13912611568536076,
    "nutrition_gap_awareness": 0.5793206153796283
  },
  "psychology": {
    "decision_speed": 0.36556141162070743,
    "information_need": 0.9390258272348954,
    "risk_tolerance": 0.42670718255244716,
    "analysis_paralysis_tendency": 0.5234126314754938,
    "regret_sensitivity": 0.08249189472851276,
    "authority_bias": 0.35916215199721946,
    "social_proof_bias": 0.5071548904026763,
    "anchoring_bias": 0.3546539691695663,
    "status_quo_bias": 0.3552515797182377,
    "loss_aversion": 0.6281318797195847,
    "halo_effect_susceptibility": 0.9350914185493905,
    "health_anxiety": 0.5776324723832617,
    "comparison_anxiety": 0.8607457982329866,
    "guilt_sensitivity": 0.7328983213531419,
    "control_need": 0.8608959258902473,
    "mental_bandwidth": 0.2710236772057576,
    "decision_fatigue_level": 0.4180332416589832,
    "simplicity_preference": 0.46400694186374447
  },
  "cultural": {
    "cultural_region": "General Urban Indian",
    "dietary_culture": "vegetarian",
    "traditional_vs_modern_spectrum": 0.7075623093954058,
    "ayurveda_affinity": 0.6410783617849917,
    "western_brand_trust": 0.721064118679672,
    "social_circle_ses": "mixed",
    "mommy_group_membership": false,
    "social_media_active": true,
    "community_orientation": 0.8096769833536491,
    "primary_language": "Hindi",
    "english_proficiency": 0.28660459394447,
    "content_language_preference": "bilingual"
  },
  "relationships": {
    "primary_decision_maker": "self",
    "peer_influence_strength": 0.9164726485658017,
    "influencer_trust": 0.8451399306087342,
    "elder_advice_weight": 0.7509544561408696,
    "pediatrician_influence": 0.5533658404352229,
    "wom_receiver_openness": 0.7621771486764721,
    "wom_transmitter_tendency": 0.18565975103534416,
    "negative_wom_amplification": 0.5786191802727944,
    "child_pester_power": 0.6181060969147532,
    "child_taste_veto": 0.091838950866174,
    "child_autonomy_given": 0.6824583338068078,
    "partner_involvement": 0.10586569166272719
  },
  "career": {
    "employment_status": "full_time",
    "work_hours_per_week": 0,
    "work_from_home": false,
    "career_ambition": 0.3343553023832324,
    "perceived_time_scarcity": 0.6988581492070172,
    "morning_routine_complexity": 0.23247009347381464,
    "cooking_time_available": 0.5328969258336844
  },
  "education_learning": {
    "education_level": "high_school",
    "science_literacy": 0.5617256809885369,
    "nutrition_knowledge": 0.20605628362021156,
    "label_reading_habit": 0.714973844472045,
    "research_before_purchase": 0.7320702543128815,
    "content_consumption_depth": 0.9889304932709438,
    "ingredient_awareness": 0.4564113586665229
  },
  "lifestyle": {
    "cooking_enthusiasm": 0.12074028203780535,
    "recipe_experimentation": 0.09069319833026457,
    "meal_planning_habit": 0.8444291009248956,
    "convenience_food_acceptance": 0.39301802953011733,
    "wellness_trend_follower": 0.08632095723278543,
    "clean_label_importance": 0.8469226969211281,
    "superfood_awareness": 0.3388609187634699,
    "parenting_philosophy": "authoritative",
    "screen_time_strictness": 0.7432570681558385,
    "structured_vs_intuitive_feeding": 0.8252516631023624
  },
  "daily_routine": {
    "online_vs_offline_preference": 0.6351357900345024,
    "primary_shopping_platform": "amazon",
    "subscription_comfort": 1.0,
    "bulk_buying_tendency": 0.04228694474951528,
    "deal_seeking_intensity": 0.05264582966792769,
    "impulse_purchase_tendency": 0.3989947210834413,
    "budget_consciousness": 0.7426384920217196,
    "health_spend_priority": 1.0,
    "price_reference_point": 500.0,
    "value_perception_driver": "ingredients",
    "cashback_coupon_sensitivity": 0.901247210641869,
    "breakfast_routine": "quick",
    "milk_supplement_current": "none",
    "gummy_vitamin_usage": false,
    "snacking_pattern": "structured"
  },
  "values": {
    "supplement_necessity_belief": 0.24404104163971307,
    "natural_vs_synthetic_preference": 0.2490397106300153,
    "food_first_belief": 0.22348662870346836,
    "preventive_vs_reactive_health": 0.4422145216029285,
    "brand_loyalty_tendency": 0.8379521746009702,
    "indie_brand_openness": 0.43748497824533406,
    "transparency_importance": 0.4821213580584709,
    "made_in_india_preference": 0.7806489525184876,
    "best_for_my_child_intensity": 0.24744870111176506,
    "guilt_driven_spending": 0.6419929462626922,
    "peer_comparison_drive": 0.13634873445258272
  },
  "emotional": {
    "emotional_persuasion_susceptibility": 0.6658197076647927,
    "fear_appeal_responsiveness": 0.27879642060513754,
    "aspirational_messaging_responsiveness": 0.26174310682542345,
    "testimonial_impact": 0.5892366538572185,
    "buyer_remorse_tendency": 0.5875368629234711,
    "confirmation_bias_strength": 0.4130054419568542,
    "review_writing_tendency": 0.6445636733369313
  },
  "media": {
    "primary_social_platform": "instagram",
    "daily_social_media_hours": 1.0,
    "content_format_preference": "reels",
    "ad_receptivity": 0.192528999224107,
    "product_discovery_channel": "search",
    "review_platform_trust": "amazon_reviews",
    "search_behavior": "active_seeker",
    "app_download_willingness": 0.7522495736073671,
    "wallet_topup_comfort": 0.41831772582042454,
    "digital_payment_comfort": 0.19982124104048843
  },
  "narrative": null,
  "episodic_memory": [],
  "semantic_memory": {},
  "brand_memories": {},
  "purchase_history": [],
  "state": {
    "current_month": 0,
    "current_awareness": {},
    "current_consideration_set": [],
    "current_satisfaction": {},
    "has_purchased": false,
    "consecutive_purchase_months": 0,
    "has_lj_pass": false,
    "satisfaction_trajectory": [],
    "wom_received_from": []
  }
}