{
  "id": "9d8c8c3e467ee4782a53adf3b61a2ba7-t2-0005",
  "generation_seed": 153,
  "generation_timestamp": "2026-03-28T08:51:28.418439+00:00",
  "tier": "deep",
  "demographics": {
    "city_tier": "Tier2",
    "city_name": "Kochi",
    "region": "South",
    "urban_vs_periurban": "urban",
    "household_income_lpa": 10.293116329040858,
    "parent_age": 28,
    "parent_gender": "female",
    "marital_status": "married",
    "birth_order": "experienced_parent",
    "num_children": 1,
    "child_ages": [
      3
    ],
    "child_genders": [
      "female"
    ],
    "youngest_child_age": 3,
    "oldest_child_age": 3,
    "family_structure": "nuclear",
    "elder_influence": 0.21596437919787959,
    "spouse_involvement_in_purchases": 0.7123828271666426,
    "income_stability": "salaried",
    "socioeconomic_class": "B2",
    "dual_income_household": true
  },
  "health": {
    "child_health_status": "healthy",
    "child_nutrition_concerns": [],
    "child_dietary_restrictions": [],
    "pediatrician_visit_frequency": "quarterly",
    "vaccination_attitude": "follows_schedule",
    "own_supplement_usage": false,
    "fitness_engagement": 0.4339264912765781,
    "diet_consciousness": 0.6416265049881256,
    "organic_preference": 0.6200169892379244,
    "health_info_sources": [
      "pediatrician"
    ],
    "medical_authority_trust": 0.3151654771786157,
    "self_research_tendency": 0.5080811399426776,
    "child_health_proactivity": 0.03308945033847558,
    "immunity_concern": 0.67730182955278,
    "growth_concern": 0.5641131182146366,
    "nutrition_gap_awareness": 0.9757898427026525
  },
  "psychology": {
    "decision_speed": 0.5029839193803579,
    "information_need": 0.17292502714339086,
    "risk_tolerance": 0.4797730710187979,
    "analysis_paralysis_tendency": 0.371531519270371,
    "regret_sensitivity": 0.6681127569662926,
    "authority_bias": 0.5107270874725736,
    "social_proof_bias": 0.12631111324466726,
    "anchoring_bias": 0.050946662814280584,
    "status_quo_bias": 0.6030495997569453,
    "loss_aversion": 0.916685126133867,
    "halo_effect_susceptibility": 0.5316220398149598,
    "health_anxiety": 0.9559762031052228,
    "comparison_anxiety": 0.6039953783842302,
    "guilt_sensitivity": 0.6261852835562962,
    "control_need": 0.20768172331865603,
    "mental_bandwidth": 0.5774241159985163,
    "decision_fatigue_level": 0.8862979624146264,
    "simplicity_preference": 0.692602042520185
  },
  "cultural": {
    "cultural_region": "General Urban Indian",
    "dietary_culture": "non_vegetarian",
    "traditional_vs_modern_spectrum": 0.7728439071063979,
    "ayurveda_affinity": 0.21248248224226368,
    "western_brand_trust": 0.5116346324871277,
    "social_circle_ses": "mixed",
    "mommy_group_membership": false,
    "social_media_active": true,
    "community_orientation": 0.45274569930616826,
    "primary_language": "Hindi",
    "english_proficiency": 0.4795280931853253,
    "content_language_preference": "bilingual"
  },
  "relationships": {
    "primary_decision_maker": "self",
    "peer_influence_strength": 0.9379427318988169,
    "influencer_trust": 0.00945821619477381,
    "elder_advice_weight": 0.5121811275110644,
    "pediatrician_influence": 0.46831890713400337,
    "wom_receiver_openness": 0.08510939396923889,
    "wom_transmitter_tendency": 0.7491340488312854,
    "negative_wom_amplification": 0.23437935468640042,
    "child_pester_power": 0.36053368186259105,
    "child_taste_veto": 0.9677553445804569,
    "child_autonomy_given": 0.8437460426129033,
    "partner_involvement": 0.7171808318448658
  },
  "career": {
    "employment_status": "homemaker",
    "work_hours_per_week": 0,
    "work_from_home": false,
    "career_ambition": 0.6483156121392817,
    "perceived_time_scarcity": 0.43459792102839345,
    "morning_routine_complexity": 0.9772162250631398,
    "cooking_time_available": 0.7887720012969026
  },
  "education_learning": {
    "education_level": "high_school",
    "science_literacy": 0.18609061896075013,
    "nutrition_knowledge": 0.0807413464718183,
    "label_reading_habit": 0.7145878754250423,
    "research_before_purchase": 0.31581440567746005,
    "content_consumption_depth": 0.07651100312868976,
    "ingredient_awareness": 0.6658877924719111
  },
  "lifestyle": {
    "cooking_enthusiasm": 0.3939543909977399,
    "recipe_experimentation": 0.7325106713036418,
    "meal_planning_habit": 0.6916613972183127,
    "convenience_food_acceptance": 0.2712250668969882,
    "wellness_trend_follower": 0.7365824894578132,
    "clean_label_importance": 0.4412584141874801,
    "superfood_awareness": 0.33255029475934306,
    "parenting_philosophy": "authoritative",
    "screen_time_strictness": 0.2972690164915952,
    "structured_vs_intuitive_feeding": 0.8709670726018975
  },
  "daily_routine": {
    "online_vs_offline_preference": 0.3895191983912714,
    "primary_shopping_platform": "amazon",
    "subscription_comfort": 0.8740271018639536,
    "bulk_buying_tendency": 0.962746295648878,
    "deal_seeking_intensity": 0.24350327827165602,
    "impulse_purchase_tendency": 0.001744575373406161,
    "budget_consciousness": 0.5098579248396163,
    "health_spend_priority": 0.61094300265445,
    "price_reference_point": 500.0,
    "value_perception_driver": "ingredients",
    "cashback_coupon_sensitivity": 0.19319397151145346,
    "breakfast_routine": "quick",
    "milk_supplement_current": "none",
    "gummy_vitamin_usage": false,
    "snacking_pattern": "structured"
  },
  "values": {
    "supplement_necessity_belief": 0.6424743470008453,
    "natural_vs_synthetic_preference": 0.33913910040640594,
    "food_first_belief": 0.8536746322296479,
    "preventive_vs_reactive_health": 0.8568317444965461,
    "brand_loyalty_tendency": 0.8886137134806498,
    "indie_brand_openness": 0.6810093233121765,
    "transparency_importance": 0.5913442288666924,
    "made_in_india_preference": 0.34813621475022327,
    "best_for_my_child_intensity": 0.7309772619131586,
    "guilt_driven_spending": 0.7940132450767629,
    "peer_comparison_drive": 0.8405674253458661
  },
  "emotional": {
    "emotional_persuasion_susceptibility": 0.3932675225735238,
    "fear_appeal_responsiveness": 0.5695410586164639,
    "aspirational_messaging_responsiveness": 0.7204034373281433,
    "testimonial_impact": 0.35050218477597483,
    "buyer_remorse_tendency": 0.12820022228964456,
    "confirmation_bias_strength": 0.21004328478050333,
    "review_writing_tendency": 0.4047638235037446
  },
  "media": {
    "primary_social_platform": "instagram",
    "daily_social_media_hours": 1.0,
    "content_format_preference": "reels",
    "ad_receptivity": 0.74608076027517,
    "product_discovery_channel": "search",
    "review_platform_trust": "amazon_reviews",
    "search_behavior": "active_seeker",
    "app_download_willingness": 0.8959807697408539,
    "wallet_topup_comfort": 0.08754207398855351,
    "digital_payment_comfort": 0.1603942262842693
  },
  "narrative": null,
  "episodic_memory": [],
  "semantic_memory": {},
  "brand_memories": {},
  "purchase_history": [],
  "state": {
    "current_month": 0,
    "current_awareness": {},
    "current_consideration_set": [],
    "current_satisfaction": {},
    "has_purchased": false,
    "consecutive_purchase_months": 0,
    "has_lj_pass": false,
    "satisfaction_trajectory": [],
    "wom_received_from": []
  }
}