{
  "id": "9d8c8c3e467ee4782a53adf3b61a2ba7-t2-0003",
  "generation_seed": 54,
  "generation_timestamp": "2026-03-28T08:51:28.418439+00:00",
  "tier": "deep",
  "demographics": {
    "city_tier": "Tier3",
    "city_name": "Mangalore",
    "region": "South",
    "urban_vs_periurban": "urban",
    "household_income_lpa": 3.4150706555939876,
    "parent_age": 38,
    "parent_gender": "female",
    "marital_status": "married",
    "birth_order": "experienced_parent",
    "num_children": 1,
    "child_ages": [
      8
    ],
    "child_genders": [
      "male"
    ],
    "youngest_child_age": 8,
    "oldest_child_age": 8,
    "family_structure": "joint",
    "elder_influence": 0.6336557998162997,
    "spouse_involvement_in_purchases": 0.4791151583243817,
    "income_stability": "salaried",
    "socioeconomic_class": "C2",
    "dual_income_household": true
  },
  "health": {
    "child_health_status": "healthy",
    "child_nutrition_concerns": [],
    "child_dietary_restrictions": [],
    "pediatrician_visit_frequency": "quarterly",
    "vaccination_attitude": "follows_schedule",
    "own_supplement_usage": false,
    "fitness_engagement": 0.13624690375741333,
    "diet_consciousness": 0.7582620991874858,
    "organic_preference": 0.08757918246048169,
    "health_info_sources": [
      "pediatrician"
    ],
    "medical_authority_trust": 0.24342326770099845,
    "self_research_tendency": 0.9308090412309878,
    "child_health_proactivity": 0.7996075222808388,
    "immunity_concern": 0.9315451758201074,
    "growth_concern": 0.392936199783075,
    "nutrition_gap_awareness": 0.12460941637968614
  },
  "psychology": {
    "decision_speed": 0.40499567234948675,
    "information_need": 0.5406340834478249,
    "risk_tolerance": 0.5314792009617046,
    "analysis_paralysis_tendency": 0.871535699474673,
    "regret_sensitivity": 0.35894865013820926,
    "authority_bias": 0.7645937948179624,
    "social_proof_bias": 0.2220530224918285,
    "anchoring_bias": 0.673759158834112,
    "status_quo_bias": 0.4885334036698598,
    "loss_aversion": 0.22668356714106142,
    "halo_effect_susceptibility": 0.40678254147343607,
    "health_anxiety": 0.5709377927392831,
    "comparison_anxiety": 0.2605298239750161,
    "guilt_sensitivity": 0.9827480134430844,
    "control_need": 0.46078907375001826,
    "mental_bandwidth": 0.4036556409284046,
    "decision_fatigue_level": 0.017976837105675426,
    "simplicity_preference": 0.21743410050240308
  },
  "cultural": {
    "cultural_region": "General Urban Indian",
    "dietary_culture": "non_vegetarian",
    "traditional_vs_modern_spectrum": 0.39624699344621156,
    "ayurveda_affinity": 0.33428568944338255,
    "western_brand_trust": 0.8002035103917542,
    "social_circle_ses": "mixed",
    "mommy_group_membership": false,
    "social_media_active": true,
    "community_orientation": 0.4344964795515942,
    "primary_language": "Hindi",
    "english_proficiency": 0.9012043180477469,
    "content_language_preference": "bilingual"
  },
  "relationships": {
    "primary_decision_maker": "self",
    "peer_influence_strength": 0.4583766265654724,
    "influencer_trust": 0.514848328131704,
    "elder_advice_weight": 0.6716218404276257,
    "pediatrician_influence": 0.5015144816411763,
    "wom_receiver_openness": 0.9571741471304762,
    "wom_transmitter_tendency": 0.010180972525958343,
    "negative_wom_amplification": 0.022666804614289035,
    "child_pester_power": 0.3160060939356267,
    "child_taste_veto": 0.5307955824802092,
    "child_autonomy_given": 0.7549357395943314,
    "partner_involvement": 0.8019245150833496
  },
  "career": {
    "employment_status": "full_time",
    "work_hours_per_week": 0,
    "work_from_home": false,
    "career_ambition": 0.3503980958895805,
    "perceived_time_scarcity": 1.0,
    "morning_routine_complexity": 0.8485408564057323,
    "cooking_time_available": 0.5730159564930274
  },
  "education_learning": {
    "education_level": "doctorate",
    "science_literacy": 0.7860193011684364,
    "nutrition_knowledge": 0.6074370427979596,
    "label_reading_habit": 0.3112341489613498,
    "research_before_purchase": 0.5398821049833814,
    "content_consumption_depth": 0.5440384294827059,
    "ingredient_awareness": 0.5005345213596967
  },
  "lifestyle": {
    "cooking_enthusiasm": 0.9296182224259358,
    "recipe_experimentation": 0.12702678116057298,
    "meal_planning_habit": 0.04814149686451469,
    "convenience_food_acceptance": 0.3260507894720739,
    "wellness_trend_follower": 0.3582050935174307,
    "clean_label_importance": 0.3081015858731526,
    "superfood_awareness": 0.06586360328995788,
    "parenting_philosophy": "authoritative",
    "screen_time_strictness": 0.16227322576527448,
    "structured_vs_intuitive_feeding": 0.1946626232589162
  },
  "daily_routine": {
    "online_vs_offline_preference": 0.993003130971229,
    "primary_shopping_platform": "amazon",
    "subscription_comfort": 0.9957843702624355,
    "bulk_buying_tendency": 0.34026154983465023,
    "deal_seeking_intensity": 0.39840338074518167,
    "impulse_purchase_tendency": 0.12523593652078613,
    "budget_consciousness": 0.12422127584300507,
    "health_spend_priority": 0.25674703682424926,
    "price_reference_point": 500.0,
    "value_perception_driver": "ingredients",
    "cashback_coupon_sensitivity": 0.1591755693253067,
    "breakfast_routine": "quick",
    "milk_supplement_current": "none",
    "gummy_vitamin_usage": false,
    "snacking_pattern": "structured"
  },
  "values": {
    "supplement_necessity_belief": 0.29458918349424357,
    "natural_vs_synthetic_preference": 0.05477646251169828,
    "food_first_belief": 0.3096085922032544,
    "preventive_vs_reactive_health": 0.408817676740192,
    "brand_loyalty_tendency": 0.6211906724797169,
    "indie_brand_openness": 0.6366341486728585,
    "transparency_importance": 0.10602140932524606,
    "made_in_india_preference": 0.8036374237553038,
    "best_for_my_child_intensity": 0.620170707689659,
    "guilt_driven_spending": 0.8575867835782253,
    "peer_comparison_drive": 0.4957558621492396
  },
  "emotional": {
    "emotional_persuasion_susceptibility": 0.38631986250598754,
    "fear_appeal_responsiveness": 0.3759262249601671,
    "aspirational_messaging_responsiveness": 0.6425800485879996,
    "testimonial_impact": 0.7300503845387227,
    "buyer_remorse_tendency": 0.4439397516394524,
    "confirmation_bias_strength": 0.9372114965491565,
    "review_writing_tendency": 0.8431553078422911
  },
  "media": {
    "primary_social_platform": "instagram",
    "daily_social_media_hours": 1.0,
    "content_format_preference": "reels",
    "ad_receptivity": 0.39872289751271917,
    "product_discovery_channel": "search",
    "review_platform_trust": "amazon_reviews",
    "search_behavior": "active_seeker",
    "app_download_willingness": 0.7734093281415907,
    "wallet_topup_comfort": 0.9734307379385991,
    "digital_payment_comfort": 0.89221296477578
  },
  "narrative": null,
  "episodic_memory": [],
  "semantic_memory": {},
  "brand_memories": {},
  "purchase_history": [],
  "state": {
    "current_month": 0,
    "current_awareness": {},
    "current_consideration_set": [],
    "current_satisfaction": {},
    "has_purchased": false,
    "consecutive_purchase_months": 0,
    "has_lj_pass": false,
    "satisfaction_trajectory": [],
    "wom_received_from": []
  }
}