{
  "id": "9d8c8c3e467ee4782a53adf3b61a2ba7-t2-0001",
  "generation_seed": 188,
  "generation_timestamp": "2026-03-28T08:51:28.418439+00:00",
  "tier": "deep",
  "demographics": {
    "city_tier": "Tier2",
    "city_name": "Visakhapatnam",
    "region": "East",
    "urban_vs_periurban": "urban",
    "household_income_lpa": 15.0313965405768,
    "parent_age": 34,
    "parent_gender": "female",
    "marital_status": "married",
    "birth_order": "experienced_parent",
    "num_children": 2,
    "child_ages": [
      4,
      13
    ],
    "child_genders": [
      "female",
      "male"
    ],
    "youngest_child_age": 4,
    "oldest_child_age": 13,
    "family_structure": "nuclear",
    "elder_influence": 0.4911316985876712,
    "spouse_involvement_in_purchases": 0.609459718567556,
    "income_stability": "freelance",
    "socioeconomic_class": "B1",
    "dual_income_household": true
  },
  "health": {
    "child_health_status": "healthy",
    "child_nutrition_concerns": [],
    "child_dietary_restrictions": [],
    "pediatrician_visit_frequency": "quarterly",
    "vaccination_attitude": "follows_schedule",
    "own_supplement_usage": false,
    "fitness_engagement": 0.2803850389922373,
    "diet_consciousness": 0.8154530240193185,
    "organic_preference": 0.6584330776918921,
    "health_info_sources": [
      "pediatrician"
    ],
    "medical_authority_trust": 0.04088187892735006,
    "self_research_tendency": 0.6059698124972204,
    "child_health_proactivity": 0.5834111127823278,
    "immunity_concern": 0.6418702844848632,
    "growth_concern": 0.7175331582029199,
    "nutrition_gap_awareness": 0.932668737000164
  },
  "psychology": {
    "decision_speed": 0.660522296121264,
    "information_need": 0.509134365780938,
    "risk_tolerance": 0.8745090208172022,
    "analysis_paralysis_tendency": 0.9875432305402458,
    "regret_sensitivity": 0.8199227564345966,
    "authority_bias": 0.5816850489035765,
    "social_proof_bias": 0.6839962697744222,
    "anchoring_bias": 0.6010414759464192,
    "status_quo_bias": 0.32916695604814195,
    "loss_aversion": 0.9848126973940964,
    "halo_effect_susceptibility": 0.2269125179792748,
    "health_anxiety": 0.875935503770569,
    "comparison_anxiety": 0.5409098256860313,
    "guilt_sensitivity": 0.06938070858586147,
    "control_need": 0.4253137884098761,
    "mental_bandwidth": 0.292266373822787,
    "decision_fatigue_level": 0.7182252380712455,
    "simplicity_preference": 0.4852138643435967
  },
  "cultural": {
    "cultural_region": "General Urban Indian",
    "dietary_culture": "vegetarian",
    "traditional_vs_modern_spectrum": 0.15338409305751105,
    "ayurveda_affinity": 0.9633251478400007,
    "western_brand_trust": 0.8144390402183792,
    "social_circle_ses": "mixed",
    "mommy_group_membership": false,
    "social_media_active": true,
    "community_orientation": 0.9436366435258763,
    "primary_language": "Hindi",
    "english_proficiency": 0.593657898215939,
    "content_language_preference": "bilingual"
  },
  "relationships": {
    "primary_decision_maker": "self",
    "peer_influence_strength": 0.4595781852233535,
    "influencer_trust": 0.7591467358258828,
    "elder_advice_weight": 0.28180930401359916,
    "pediatrician_influence": 0.5517403455422583,
    "wom_receiver_openness": 0.43027349951818256,
    "wom_transmitter_tendency": 0.0720030119656537,
    "negative_wom_amplification": 0.5507100560555613,
    "child_pester_power": 0.3296184829583604,
    "child_taste_veto": 0.40417617110658693,
    "child_autonomy_given": 0.6419906974161977,
    "partner_involvement": 0.8984081203989743
  },
  "career": {
    "employment_status": "freelance",
    "work_hours_per_week": 0,
    "work_from_home": false,
    "career_ambition": 0.19800461805079445,
    "perceived_time_scarcity": 0.36822497987637987,
    "morning_routine_complexity": 0.22211115148020372,
    "cooking_time_available": 0.20321834447982912
  },
  "education_learning": {
    "education_level": "high_school",
    "science_literacy": 0.2887482429669155,
    "nutrition_knowledge": 0.42212887146470335,
    "label_reading_habit": 0.7210191173409644,
    "research_before_purchase": 0.6075983626709196,
    "content_consumption_depth": 0.14528842800659392,
    "ingredient_awareness": 0.90219497584843
  },
  "lifestyle": {
    "cooking_enthusiasm": 0.8275205024394497,
    "recipe_experimentation": 0.2972832350170831,
    "meal_planning_habit": 0.8895448011304052,
    "convenience_food_acceptance": 0.5457211078658257,
    "wellness_trend_follower": 0.4378370742001572,
    "clean_label_importance": 0.7267597064258767,
    "superfood_awareness": 0.4897200779121239,
    "parenting_philosophy": "authoritative",
    "screen_time_strictness": 0.7071502886281966,
    "structured_vs_intuitive_feeding": 0.5742933736521345
  },
  "daily_routine": {
    "online_vs_offline_preference": 0.36789787407718644,
    "primary_shopping_platform": "amazon",
    "subscription_comfort": 0.023203566528981503,
    "bulk_buying_tendency": 0.7009665840696607,
    "deal_seeking_intensity": 0.34929500501066285,
    "impulse_purchase_tendency": 0.7816997555160696,
    "budget_consciousness": 0.40287360381599757,
    "health_spend_priority": 0.6500044538368599,
    "price_reference_point": 500.0,
    "value_perception_driver": "ingredients",
    "cashback_coupon_sensitivity": 0.846843285370928,
    "breakfast_routine": "quick",
    "milk_supplement_current": "none",
    "gummy_vitamin_usage": false,
    "snacking_pattern": "structured"
  },
  "values": {
    "supplement_necessity_belief": 0.8438648003792769,
    "natural_vs_synthetic_preference": 0.5649938439876498,
    "food_first_belief": 0.382229170739277,
    "preventive_vs_reactive_health": 0.948166810612619,
    "brand_loyalty_tendency": 0.27837584176160945,
    "indie_brand_openness": 0.37661799122672696,
    "transparency_importance": 0.22745756290959535,
    "made_in_india_preference": 0.7663046441119741,
    "best_for_my_child_intensity": 0.09672838944253143,
    "guilt_driven_spending": 0.31916479819508414,
    "peer_comparison_drive": 0.30260019737012167
  },
  "emotional": {
    "emotional_persuasion_susceptibility": 0.3505791692183522,
    "fear_appeal_responsiveness": 0.10551110208034936,
    "aspirational_messaging_responsiveness": 0.01244050138106774,
    "testimonial_impact": 0.6764174565024882,
    "buyer_remorse_tendency": 0.017276530700392763,
    "confirmation_bias_strength": 0.8034856746143884,
    "review_writing_tendency": 0.9404459024179533
  },
  "media": {
    "primary_social_platform": "instagram",
    "daily_social_media_hours": 1.0,
    "content_format_preference": "reels",
    "ad_receptivity": 0.43477748133590455,
    "product_discovery_channel": "search",
    "review_platform_trust": "amazon_reviews",
    "search_behavior": "active_seeker",
    "app_download_willingness": 0.9031125937666185,
    "wallet_topup_comfort": 0.4903240375296346,
    "digital_payment_comfort": 0.9309401906484597
  },
  "narrative": null,
  "episodic_memory": [],
  "semantic_memory": {},
  "brand_memories": {},
  "purchase_history": [],
  "state": {
    "current_month": 0,
    "current_awareness": {},
    "current_consideration_set": [],
    "current_satisfaction": {},
    "has_purchased": false,
    "consecutive_purchase_months": 0,
    "has_lj_pass": false,
    "satisfaction_trajectory": [],
    "wom_received_from": []
  }
}