{
  "id": "9d8c8c3e467ee4782a53adf3b61a2ba7-t2-0007",
  "generation_seed": 65,
  "generation_timestamp": "2026-03-28T08:51:28.418439+00:00",
  "tier": "deep",
  "demographics": {
    "city_tier": "Tier2",
    "city_name": "Surat",
    "region": "West",
    "urban_vs_periurban": "periurban",
    "household_income_lpa": 5.329082360910433,
    "parent_age": 26,
    "parent_gender": "female",
    "marital_status": "married",
    "birth_order": "experienced_parent",
    "num_children": 1,
    "child_ages": [
      2
    ],
    "child_genders": [
      "male"
    ],
    "youngest_child_age": 2,
    "oldest_child_age": 2,
    "family_structure": "joint",
    "elder_influence": 0.9127686132267692,
    "spouse_involvement_in_purchases": 0.5417034478328633,
    "income_stability": "salaried",
    "socioeconomic_class": "C1",
    "dual_income_household": true
  },
  "health": {
    "child_health_status": "healthy",
    "child_nutrition_concerns": [],
    "child_dietary_restrictions": [],
    "pediatrician_visit_frequency": "quarterly",
    "vaccination_attitude": "follows_schedule",
    "own_supplement_usage": false,
    "fitness_engagement": 0.5249966257209596,
    "diet_consciousness": 0.5428173946193954,
    "organic_preference": 0.5851545963541874,
    "health_info_sources": [
      "pediatrician"
    ],
    "medical_authority_trust": 0.7801026103463317,
    "self_research_tendency": 0.7376024906650228,
    "child_health_proactivity": 0.5176342855230336,
    "immunity_concern": 0.20922134151035687,
    "growth_concern": 0.526976335205119,
    "nutrition_gap_awareness": 0.4888239832096046
  },
  "psychology": {
    "decision_speed": 0.5765916179037628,
    "information_need": 0.9863263798531019,
    "risk_tolerance": 0.3002182944467043,
    "analysis_paralysis_tendency": 0.6635929638893012,
    "regret_sensitivity": 0.8573439337866571,
    "authority_bias": 0.5390346132726304,
    "social_proof_bias": 0.9854404804106199,
    "anchoring_bias": 0.35270070275932586,
    "status_quo_bias": 0.6937618197841658,
    "loss_aversion": 0.2122015294385704,
    "halo_effect_susceptibility": 0.3625973595386173,
    "health_anxiety": 0.7622940479635637,
    "comparison_anxiety": 0.9702938354777674,
    "guilt_sensitivity": 0.6461726995411851,
    "control_need": 0.8960055741801676,
    "mental_bandwidth": 0.4621711902466768,
    "decision_fatigue_level": 0.36988100273256097,
    "simplicity_preference": 0.9941569325684083
  },
  "cultural": {
    "cultural_region": "General Urban Indian",
    "dietary_culture": "non_vegetarian",
    "traditional_vs_modern_spectrum": 0.6532972041872394,
    "ayurveda_affinity": 0.20675961072321397,
    "western_brand_trust": 0.2674068562725431,
    "social_circle_ses": "mixed",
    "mommy_group_membership": false,
    "social_media_active": true,
    "community_orientation": 0.1729223250065986,
    "primary_language": "Hindi",
    "english_proficiency": 0.8255099394295988,
    "content_language_preference": "bilingual"
  },
  "relationships": {
    "primary_decision_maker": "self",
    "peer_influence_strength": 0.5743047745604882,
    "influencer_trust": 0.550673242792989,
    "elder_advice_weight": 0.6576807259935252,
    "pediatrician_influence": 0.7677607799316575,
    "wom_receiver_openness": 0.19856888807722034,
    "wom_transmitter_tendency": 0.1410592937231498,
    "negative_wom_amplification": 0.5887370143034635,
    "child_pester_power": 0.7260664474890559,
    "child_taste_veto": 0.6302563278880366,
    "child_autonomy_given": 0.20912710386616634,
    "partner_involvement": 0.8709508079002761
  },
  "career": {
    "employment_status": "full_time",
    "work_hours_per_week": 0,
    "work_from_home": false,
    "career_ambition": 0.2284803079138294,
    "perceived_time_scarcity": 0.48399579602138665,
    "morning_routine_complexity": 0.17259669914479825,
    "cooking_time_available": 0.903397870563259
  },
  "education_learning": {
    "education_level": "masters",
    "science_literacy": 0.8155856956595379,
    "nutrition_knowledge": 0.7274083008991823,
    "label_reading_habit": 0.9178400068906007,
    "research_before_purchase": 0.9997974638991183,
    "content_consumption_depth": 0.0437045376453567,
    "ingredient_awareness": 0.23014282087603577
  },
  "lifestyle": {
    "cooking_enthusiasm": 0.26888948546139996,
    "recipe_experimentation": 0.2992155490508564,
    "meal_planning_habit": 0.11060989079524639,
    "convenience_food_acceptance": 0.3254354404114293,
    "wellness_trend_follower": 0.11187751424322262,
    "clean_label_importance": 0.8195787552610301,
    "superfood_awareness": 0.520615462620569,
    "parenting_philosophy": "authoritative",
    "screen_time_strictness": 0.6847519369288468,
    "structured_vs_intuitive_feeding": 0.6941781037584153
  },
  "daily_routine": {
    "online_vs_offline_preference": 0.7267479350026655,
    "primary_shopping_platform": "amazon",
    "subscription_comfort": 0.4597624486236655,
    "bulk_buying_tendency": 0.9830451317925322,
    "deal_seeking_intensity": 0.6255206585765435,
    "impulse_purchase_tendency": 0.03126739633597745,
    "budget_consciousness": 0.3299512225315609,
    "health_spend_priority": 0.033694728273791164,
    "price_reference_point": 500.0,
    "value_perception_driver": "ingredients",
    "cashback_coupon_sensitivity": 0.5069151701592851,
    "breakfast_routine": "quick",
    "milk_supplement_current": "none",
    "gummy_vitamin_usage": false,
    "snacking_pattern": "structured"
  },
  "values": {
    "supplement_necessity_belief": 0.6873288259606205,
    "natural_vs_synthetic_preference": 0.31974009724019853,
    "food_first_belief": 0.9788987487482004,
    "preventive_vs_reactive_health": 0.8092120560797693,
    "brand_loyalty_tendency": 0.7838713871650086,
    "indie_brand_openness": 0.15537914417573734,
    "transparency_importance": 0.423790637649339,
    "made_in_india_preference": 0.5146799553121485,
    "best_for_my_child_intensity": 0.6255126534072838,
    "guilt_driven_spending": 0.15270458065291403,
    "peer_comparison_drive": 0.42845577129655915
  },
  "emotional": {
    "emotional_persuasion_susceptibility": 0.5376111584457985,
    "fear_appeal_responsiveness": 0.4148255112979114,
    "aspirational_messaging_responsiveness": 0.20799712728069492,
    "testimonial_impact": 0.29475881396757897,
    "buyer_remorse_tendency": 0.42980949603926427,
    "confirmation_bias_strength": 0.5361742543540043,
    "review_writing_tendency": 0.7273412563665058
  },
  "media": {
    "primary_social_platform": "instagram",
    "daily_social_media_hours": 1.0,
    "content_format_preference": "reels",
    "ad_receptivity": 0.8601194588019185,
    "product_discovery_channel": "search",
    "review_platform_trust": "amazon_reviews",
    "search_behavior": "active_seeker",
    "app_download_willingness": 0.3842461044276138,
    "wallet_topup_comfort": 0.3241388310475738,
    "digital_payment_comfort": 0.7900028680349179
  },
  "narrative": null,
  "episodic_memory": [],
  "semantic_memory": {},
  "brand_memories": {},
  "purchase_history": [],
  "state": {
    "current_month": 0,
    "current_awareness": {},
    "current_consideration_set": [],
    "current_satisfaction": {},
    "has_purchased": false,
    "consecutive_purchase_months": 0,
    "has_lj_pass": false,
    "satisfaction_trajectory": [],
    "wom_received_from": []
  }
}